"tx_id","tx_type","tx_date","material","drum_id","repro_id","tx_notes","created_at","updated_at","process_id","delivery_id","batch_code","order_id","direction"
1,"import","2018-10-12","Acetonitrile",NULL,NULL,NULL,"2024-12-01 18:04:56.238988+00","2024-12-01 18:04:56.238988+00",NULL,1,NULL,NULL,"IN"
2,"import","2018-10-12","Acetonitrile",NULL,NULL,NULL,"2024-12-01 18:05:34.273332+00","2024-12-01 18:05:34.273332+00",NULL,1,NULL,NULL,"IN"
3,"import","2018-08-01","Acetonitrile",NULL,NULL,NULL,"2024-12-01 18:05:34.273332+00","2024-12-01 18:05:34.273332+00",NULL,1,NULL,NULL,"IN"
4,"import","2020-08-05","Acetic Acid",NULL,NULL,NULL,"2024-12-01 18:05:34.273332+00","2024-12-01 18:05:34.273332+00",NULL,1,NULL,NULL,"IN"
5,"import","2020-08-05","Hexane",NULL,NULL,NULL,"2024-12-01 18:05:34.273332+00","2024-12-01 18:05:34.273332+00",NULL,1,NULL,NULL,"IN"
6,"import","2020-08-05","Acetone",NULL,NULL,NULL,"2024-12-01 18:05:34.273332+00","2024-12-01 18:05:34.273332+00",NULL,1,NULL,NULL,"IN"
7,"import","2020-08-05","Ethyl Acetate",NULL,NULL,NULL,"2024-12-01 18:05:34.273332+00","2024-12-01 18:05:34.273332+00",NULL,1,NULL,NULL,"IN"
8,"import","2020-08-05","Toluene",NULL,NULL,NULL,"2024-12-01 18:05:34.273332+00","2024-12-01 18:05:34.273332+00",NULL,1,NULL,NULL,"IN"
9,"import","2020-08-05","DMF",NULL,NULL,NULL,"2024-12-01 18:05:34.273332+00","2024-12-01 18:05:34.273332+00",NULL,1,NULL,NULL,"IN"
10,"import","2020-08-11","CS2",NULL,NULL,NULL,"2024-12-01 18:05:34.273332+00","2024-12-01 18:05:34.273332+00",NULL,1,NULL,NULL,"IN"
11,"import","2020-08-12","Pentane",NULL,NULL,NULL,"2024-12-01 18:05:34.273332+00","2024-12-01 18:05:34.273332+00",NULL,1,NULL,NULL,"IN"
12,"import","2020-09-01","Methanol",NULL,NULL,NULL,"2024-12-01 18:05:34.273332+00","2024-12-01 18:05:34.273332+00",NULL,1,NULL,NULL,"IN"
13,"import","2020-09-01","Ethanol",NULL,NULL,NULL,"2024-12-01 18:05:34.273332+00","2024-12-01 18:05:34.273332+00",NULL,1,NULL,NULL,"IN"
14,"import","2020-09-24","CycloHexane",NULL,NULL,NULL,"2024-12-01 18:05:34.273332+00","2024-12-01 18:05:34.273332+00",NULL,1,NULL,NULL,"IN"
15,"import","2020-09-24","Ethyl Acetate",NULL,NULL,NULL,"2024-12-01 18:05:34.273332+00","2024-12-01 18:05:34.273332+00",NULL,1,NULL,NULL,"IN"
16,"import","2020-09-24","Acetone",NULL,NULL,NULL,"2024-12-01 18:05:34.273332+00","2024-12-01 18:05:34.273332+00",NULL,1,NULL,NULL,"IN"
17,"import","2020-09-24","DCM",NULL,NULL,NULL,"2024-12-01 18:05:34.273332+00","2024-12-01 18:05:34.273332+00",NULL,1,NULL,NULL,"IN"
18,"import","2020-10-07","Pyridine",NULL,NULL,NULL,"2024-12-01 18:05:34.273332+00","2024-12-01 18:05:34.273332+00",NULL,1,NULL,NULL,"IN"
19,"import","2020-10-09","Methanol",NULL,NULL,NULL,"2024-12-01 18:05:34.273332+00","2024-12-01 18:05:34.273332+00",NULL,1,NULL,NULL,"IN"
20,"import","2020-10-12","DMF",NULL,NULL,NULL,"2024-12-01 18:05:34.273332+00","2024-12-01 18:05:34.273332+00",NULL,1,NULL,NULL,"IN"
21,"import","2020-10-12","DCM",NULL,NULL,NULL,"2024-12-01 18:05:34.273332+00","2024-12-01 18:05:34.273332+00",NULL,1,NULL,NULL,"IN"
22,"import","2020-10-12","Chloroform",NULL,NULL,NULL,"2024-12-01 18:05:34.273332+00","2024-12-01 18:05:34.273332+00",NULL,1,NULL,NULL,"IN"
23,"import","2020-10-12","Xylene",NULL,NULL,NULL,"2024-12-01 18:05:34.273332+00","2024-12-01 18:05:34.273332+00",NULL,1,NULL,NULL,"IN"
24,"import","2020-11-02","Pentane",NULL,NULL,NULL,"2024-12-01 18:05:34.273332+00","2024-12-01 18:05:34.273332+00",NULL,1,NULL,NULL,"IN"
25,"import","2020-11-02","Acetone",NULL,NULL,NULL,"2024-12-01 18:05:34.273332+00","2024-12-01 18:05:34.273332+00",NULL,1,NULL,NULL,"IN"
26,"import","2020-11-20","Ethanol",NULL,NULL,NULL,"2024-12-01 18:05:34.273332+00","2024-12-01 18:05:34.273332+00",NULL,1,NULL,NULL,"IN"
27,"import","2020-11-20","Methanol",NULL,NULL,NULL,"2024-12-01 18:05:34.273332+00","2024-12-01 18:05:34.273332+00",NULL,1,NULL,NULL,"IN"
28,"import","2020-11-20","Pentane",NULL,NULL,NULL,"2024-12-01 18:05:34.273332+00","2024-12-01 18:05:34.273332+00",NULL,1,NULL,NULL,"IN"
29,"import","2020-11-20","MEK",NULL,NULL,NULL,"2024-12-01 18:05:34.273332+00","2024-12-01 18:05:34.273332+00",NULL,1,NULL,NULL,"IN"
30,"import","2020-11-20","Toluene",NULL,NULL,NULL,"2024-12-01 18:05:34.273332+00","2024-12-01 18:05:34.273332+00",NULL,1,NULL,NULL,"IN"
31,"import","2020-11-26","Methanol",NULL,NULL,NULL,"2024-12-01 18:05:34.273332+00","2024-12-01 18:05:34.273332+00",NULL,1,NULL,NULL,"IN"
32,"import","2020-11-26","1-2 DCE",NULL,NULL,NULL,"2024-12-01 18:05:34.273332+00","2024-12-01 18:05:34.273332+00",NULL,1,NULL,NULL,"IN"
33,"import","2020-11-30","Acetonitrile",NULL,NULL,NULL,"2024-12-01 18:05:34.273332+00","2024-12-01 18:05:34.273332+00",NULL,1,NULL,NULL,"IN"
34,"import","2020-12-09","Acetonitrile",NULL,NULL,NULL,"2024-12-01 18:05:34.273332+00","2024-12-01 18:05:34.273332+00",NULL,1,NULL,NULL,"IN"
35,"import","2020-01-05","DCM",NULL,NULL,NULL,"2024-12-01 18:05:34.273332+00","2024-12-01 18:05:34.273332+00",NULL,1,NULL,NULL,"IN"
36,"import","2020-01-05","Pentane",NULL,NULL,NULL,"2024-12-01 18:05:34.273332+00","2024-12-01 18:05:34.273332+00",NULL,1,NULL,NULL,"IN"
37,"import","2021-01-06","Ethanol",NULL,NULL,NULL,"2024-12-01 18:05:34.273332+00","2024-12-01 18:05:34.273332+00",NULL,1,NULL,NULL,"IN"
38,"import","2021-01-12","T-Butanol",NULL,NULL,NULL,"2024-12-01 18:05:34.273332+00","2024-12-01 18:05:34.273332+00",NULL,1,NULL,NULL,"IN"
39,"import","2020-01-05","Pentane",NULL,NULL,NULL,"2024-12-01 18:05:34.273332+00","2024-12-01 18:05:34.273332+00",NULL,1,NULL,NULL,"IN"
40,"import","2021-01-20","Pentane",NULL,NULL,NULL,"2024-12-01 18:05:34.273332+00","2024-12-01 18:05:34.273332+00",NULL,1,NULL,NULL,"IN"
41,"import","2021-01-22","Pyridine",NULL,NULL,NULL,"2024-12-01 18:05:34.273332+00","2024-12-01 18:05:34.273332+00",NULL,1,NULL,NULL,"IN"
42,"import","2021-01-25","Ethyl Acetate",NULL,NULL,NULL,"2024-12-01 18:05:34.273332+00","2024-12-01 18:05:34.273332+00",NULL,1,NULL,NULL,"IN"
43,"import","2021-02-04","Heptane 99%",NULL,NULL,NULL,"2024-12-01 18:05:34.273332+00","2024-12-01 18:05:34.273332+00",NULL,1,NULL,NULL,"IN"
44,"import","2021-02-04","Hexane 99%",NULL,NULL,NULL,"2024-12-01 18:05:34.273332+00","2024-12-01 18:05:34.273332+00",NULL,1,NULL,NULL,"IN"
45,"import","2021-02-09","Pentane",NULL,NULL,NULL,"2024-12-01 18:05:34.273332+00","2024-12-01 18:05:34.273332+00",NULL,1,NULL,NULL,"IN"
46,"import","2021-02-10","Toluene",NULL,NULL,NULL,"2024-12-01 18:05:34.273332+00","2024-12-01 18:05:34.273332+00",NULL,1,NULL,NULL,"IN"
47,"import","2021-02-10","CycloHexane",NULL,NULL,NULL,"2024-12-01 18:05:34.273332+00","2024-12-01 18:05:34.273332+00",NULL,1,NULL,NULL,"IN"
48,"import","2021-02-18","DCM",NULL,NULL,NULL,"2024-12-01 18:05:34.273332+00","2024-12-01 18:05:34.273332+00",NULL,1,NULL,NULL,"IN"
49,"import","2021-02-18","Acetone",NULL,NULL,NULL,"2024-12-01 18:05:34.273332+00","2024-12-01 18:05:34.273332+00",NULL,1,NULL,NULL,"IN"
50,"import","2021-02-18","Ethyl Acetate",NULL,NULL,NULL,"2024-12-01 18:05:34.273332+00","2024-12-01 18:05:34.273332+00",NULL,1,NULL,NULL,"IN"
51,"import","2021-02-23","Iso Pentane",NULL,NULL,NULL,"2024-12-01 18:06:12.994304+00","2024-12-01 18:06:12.994304+00",NULL,1,NULL,NULL,"IN"
52,"import","2021-02-25","MTBE",NULL,NULL,NULL,"2024-12-01 18:06:12.994304+00","2024-12-01 18:06:12.994304+00",NULL,1,NULL,NULL,"IN"
53,"import","2021-03-02","N Butanol",NULL,NULL,NULL,"2024-12-01 18:06:12.994304+00","2024-12-01 18:06:12.994304+00",NULL,1,NULL,NULL,"IN"
54,"import","2021-03-10","Ethanol",NULL,NULL,NULL,"2024-12-01 18:06:12.994304+00","2024-12-01 18:06:12.994304+00",NULL,1,NULL,NULL,"IN"
55,"import","2021-03-10","Methanol",NULL,NULL,NULL,"2024-12-01 18:06:12.994304+00","2024-12-01 18:06:12.994304+00",NULL,1,NULL,NULL,"IN"
56,"import","2021-03-10","Methanol",NULL,NULL,NULL,"2024-12-01 18:06:12.994304+00","2024-12-01 18:06:12.994304+00",NULL,1,NULL,NULL,"IN"
57,"import","2021-03-02","Chloroform",NULL,NULL,NULL,"2024-12-01 18:06:12.994304+00","2024-12-01 18:06:12.994304+00",NULL,1,NULL,NULL,"IN"
58,"import","2021-04-08","Cyclohexane",NULL,NULL,NULL,"2024-12-01 18:06:12.994304+00","2024-12-01 18:06:12.994304+00",NULL,1,NULL,NULL,"IN"
59,"import","2021-04-15","Methanol",NULL,NULL,NULL,"2024-12-01 18:06:12.994304+00","2024-12-01 18:06:12.994304+00",NULL,1,NULL,NULL,"IN"
60,"import","2021-04-15","Ethanol",NULL,NULL,NULL,"2024-12-01 18:06:12.994304+00","2024-12-01 18:06:12.994304+00",NULL,1,NULL,NULL,"IN"
61,"import","2021-04-16","Hexane",NULL,NULL,NULL,"2024-12-01 18:06:12.994304+00","2024-12-01 18:06:12.994304+00",NULL,1,NULL,NULL,"IN"
62,"import","2021-04-20","Toluene",NULL,NULL,NULL,"2024-12-01 18:06:12.994304+00","2024-12-01 18:06:12.994304+00",NULL,1,NULL,NULL,"IN"
63,"import","2021-04-20","Ethyl Acetate",NULL,NULL,NULL,"2024-12-01 18:06:12.994304+00","2024-12-01 18:06:12.994304+00",NULL,1,NULL,NULL,"IN"
64,"import","2021-04-20","Acetone",NULL,NULL,NULL,"2024-12-01 18:06:12.994304+00","2024-12-01 18:06:12.994304+00",NULL,1,NULL,NULL,"IN"
65,"import","2021-04-20","DCM",NULL,NULL,NULL,"2024-12-01 18:06:12.994304+00","2024-12-01 18:06:12.994304+00",NULL,1,NULL,NULL,"IN"
66,"import","2021-04-22","Pentane",NULL,NULL,NULL,"2024-12-01 18:06:12.994304+00","2024-12-01 18:06:12.994304+00",NULL,1,NULL,NULL,"IN"
67,"import","2021-04-26","Acetonitrile",NULL,NULL,NULL,"2024-12-01 18:06:12.994304+00","2024-12-01 18:06:12.994304+00",NULL,1,NULL,NULL,"IN"
68,"import","2021-04-26","isobutanol",NULL,NULL,NULL,"2024-12-01 18:06:12.994304+00","2024-12-01 18:06:12.994304+00",NULL,1,NULL,NULL,"IN"
69,"import","2021-04-30","Chloroform",NULL,NULL,NULL,"2024-12-01 18:06:12.994304+00","2024-12-01 18:06:12.994304+00",NULL,1,NULL,NULL,"IN"
70,"import","2021-04-30","DCM",NULL,NULL,NULL,"2024-12-01 18:06:12.994304+00","2024-12-01 18:06:12.994304+00",NULL,1,NULL,NULL,"IN"
71,"import","2021-05-14","THF",NULL,NULL,NULL,"2024-12-01 18:06:12.994304+00","2024-12-01 18:06:12.994304+00",NULL,1,NULL,NULL,"IN"
72,"import","2021-05-14","THF",NULL,NULL,NULL,"2024-12-01 18:06:12.994304+00","2024-12-01 18:06:12.994304+00",NULL,1,NULL,NULL,"IN"
73,"import","2021-05-17","IsoHexane",NULL,NULL,NULL,"2024-12-01 18:06:12.994304+00","2024-12-01 18:06:12.994304+00",NULL,1,NULL,NULL,"IN"
74,"import","2021-05-21","Diethyl Ether",NULL,NULL,NULL,"2024-12-01 18:06:12.994304+00","2024-12-01 18:06:12.994304+00",NULL,1,NULL,NULL,"IN"
75,"import","2021-06-08","Pet Spirit 100-140",NULL,NULL,NULL,"2024-12-01 18:06:12.994304+00","2024-12-01 18:06:12.994304+00",NULL,1,NULL,NULL,"IN"
76,"import","2021-06-18","Ethanol",NULL,NULL,NULL,"2024-12-01 18:06:12.994304+00","2024-12-01 18:06:12.994304+00",NULL,1,NULL,NULL,"IN"
77,"import","2021-06-18","Methanol",NULL,NULL,NULL,"2024-12-01 18:06:12.994304+00","2024-12-01 18:06:12.994304+00",NULL,1,NULL,NULL,"IN"
78,"import","2021-06-25","Acetonitrile",NULL,NULL,NULL,"2024-12-01 18:06:12.994304+00","2024-12-01 18:06:12.994304+00",NULL,1,NULL,NULL,"IN"
79,"import","2021-06-29","Diisopropyl Ether",NULL,NULL,NULL,"2024-12-01 18:06:12.994304+00","2024-12-01 18:06:12.994304+00",NULL,1,NULL,NULL,"IN"
80,"import","2021-06-29","THF",NULL,NULL,NULL,"2024-12-01 18:06:12.994304+00","2024-12-01 18:06:12.994304+00",NULL,1,NULL,NULL,"IN"
81,"import","2021-07-05","DCM",NULL,NULL,NULL,"2024-12-01 18:06:12.994304+00","2024-12-01 18:06:12.994304+00",NULL,1,NULL,NULL,"IN"
82,"import","2021-07-06","Acetone",NULL,NULL,NULL,"2024-12-01 18:06:12.994304+00","2024-12-01 18:06:12.994304+00",NULL,1,NULL,NULL,"IN"
83,"import","2021-07-06","Ethyl Acetate",NULL,NULL,NULL,"2024-12-01 18:06:12.994304+00","2024-12-01 18:06:12.994304+00",NULL,1,NULL,NULL,"IN"
84,"import","2021-07-06","DMF",NULL,NULL,NULL,"2024-12-01 18:06:12.994304+00","2024-12-01 18:06:12.994304+00",NULL,1,NULL,NULL,"IN"
85,"import","2021-07-09","Methanol",NULL,NULL,NULL,"2024-12-01 18:06:12.994304+00","2024-12-01 18:06:12.994304+00",NULL,1,NULL,NULL,"IN"
86,"import","2021-07-09","Methanol",NULL,NULL,NULL,"2024-12-01 18:06:12.994304+00","2024-12-01 18:06:12.994304+00",NULL,1,NULL,NULL,"IN"
87,"import","2021-07-09","IPA",NULL,NULL,NULL,"2024-12-01 18:06:12.994304+00","2024-12-01 18:06:12.994304+00",NULL,1,NULL,NULL,"IN"
88,"import","2021-07-13","Pentane",NULL,NULL,NULL,"2024-12-01 18:06:12.994304+00","2024-12-01 18:06:12.994304+00",NULL,1,NULL,NULL,"IN"
89,"import","2021-07-14","DCM",NULL,NULL,NULL,"2024-12-01 18:06:12.994304+00","2024-12-01 18:06:12.994304+00",NULL,1,NULL,NULL,"IN"
90,"import","2021-07-15","Disopropyl ether",NULL,NULL,NULL,"2024-12-01 18:06:12.994304+00","2024-12-01 18:06:12.994304+00",NULL,1,NULL,NULL,"IN"
91,"import","2021-07-15","Hexane",NULL,NULL,NULL,"2024-12-01 18:06:12.994304+00","2024-12-01 18:06:12.994304+00",NULL,1,NULL,NULL,"IN"
92,"import","2021-07-28","CS2",NULL,NULL,NULL,"2024-12-01 18:06:12.994304+00","2024-12-01 18:06:12.994304+00",NULL,1,NULL,NULL,"IN"
93,"import","2021-07-28","Carbon Disulphide",NULL,NULL,NULL,"2024-12-01 18:06:12.994304+00","2024-12-01 18:06:12.994304+00",NULL,1,NULL,NULL,"IN"
94,"import","2021-07-28","Piperidine",NULL,NULL,NULL,"2024-12-01 18:06:12.994304+00","2024-12-01 18:06:12.994304+00",NULL,1,NULL,NULL,"IN"
95,"import","2021-08-12","Dichloromethane",NULL,NULL,NULL,"2024-12-01 18:06:12.994304+00","2024-12-01 18:06:12.994304+00",NULL,1,NULL,NULL,"IN"
96,"import","2021-08-16","Methanol",NULL,NULL,NULL,"2024-12-01 18:06:12.994304+00","2024-12-01 18:06:12.994304+00",NULL,1,NULL,NULL,"IN"
97,"import","2021-08-16","Acetic Acid",NULL,NULL,NULL,"2024-12-01 18:06:12.994304+00","2024-12-01 18:06:12.994304+00",NULL,1,NULL,NULL,"IN"
98,"import","2021-09-06","Ethanol",NULL,NULL,NULL,"2024-12-01 18:06:12.994304+00","2024-12-01 18:06:12.994304+00",NULL,1,NULL,NULL,"IN"
99,"import","2021-09-17","Toluene",NULL,NULL,NULL,"2024-12-01 18:06:12.994304+00","2024-12-01 18:06:12.994304+00",NULL,1,NULL,NULL,"IN"
100,"import","2021-09-17","Acetone",NULL,NULL,NULL,"2024-12-01 18:06:12.994304+00","2024-12-01 18:06:12.994304+00",NULL,1,NULL,NULL,"IN"
101,"import","2021-09-30","Pentane",NULL,NULL,NULL,"2024-12-01 18:06:12.994304+00","2024-12-01 18:06:12.994304+00",NULL,1,NULL,NULL,"IN"
102,"import","2021-10-05","n-Octanol",NULL,NULL,NULL,"2024-12-01 18:06:12.994304+00","2024-12-01 18:06:12.994304+00",NULL,1,NULL,NULL,"IN"
103,"import","2021-10-06","Chloroform",NULL,NULL,NULL,"2024-12-01 18:06:12.994304+00","2024-12-01 18:06:12.994304+00",NULL,1,NULL,NULL,"IN"
104,"import","2021-10-08","Dichloromethane",NULL,NULL,NULL,"2024-12-01 18:06:12.994304+00","2024-12-01 18:06:12.994304+00",NULL,1,NULL,NULL,"IN"
105,"import","2021-10-08","Dichloromethane",NULL,NULL,NULL,"2024-12-01 18:06:12.994304+00","2024-12-01 18:06:12.994304+00",NULL,1,NULL,NULL,"IN"
106,"import","2021-10-08","Cyclohexane",NULL,NULL,NULL,"2024-12-01 18:06:12.994304+00","2024-12-01 18:06:12.994304+00",NULL,1,NULL,NULL,"IN"
107,"import","2021-10-08","MEG",NULL,NULL,NULL,"2024-12-01 18:06:12.994304+00","2024-12-01 18:06:12.994304+00",NULL,1,NULL,NULL,"IN"
108,"import","2021-10-12","Diethyl Ether",NULL,NULL,NULL,"2024-12-01 18:06:12.994304+00","2024-12-01 18:06:12.994304+00",NULL,1,NULL,NULL,"IN"
109,"import","2021-10-14","DCM",NULL,NULL,NULL,"2024-12-01 18:06:12.994304+00","2024-12-01 18:06:12.994304+00",NULL,1,NULL,NULL,"IN"
110,"import","2021-10-14","DCM",NULL,NULL,NULL,"2024-12-01 18:06:12.994304+00","2024-12-01 18:06:12.994304+00",NULL,1,NULL,NULL,"IN"
111,"import","2021-10-19","Ethyl Acetate",NULL,NULL,NULL,"2024-12-01 18:06:12.994304+00","2024-12-01 18:06:12.994304+00",NULL,1,NULL,NULL,"IN"
112,"import","2021-10-19","Hexane",NULL,NULL,NULL,"2024-12-01 18:06:12.994304+00","2024-12-01 18:06:12.994304+00",NULL,1,NULL,NULL,"IN"
113,"import","2021-10-19","Diethyl Ether",NULL,NULL,NULL,"2024-12-01 18:06:12.994304+00","2024-12-01 18:06:12.994304+00",NULL,1,NULL,NULL,"IN"
114,"import","2021-10-28","Acetonitrile",NULL,NULL,NULL,"2024-12-01 18:06:12.994304+00","2024-12-01 18:06:12.994304+00",NULL,1,NULL,NULL,"IN"
115,"import","2021-10-28","Ethanol",NULL,NULL,NULL,"2024-12-01 18:06:12.994304+00","2024-12-01 18:06:12.994304+00",NULL,1,NULL,NULL,"IN"
116,"import","2021-11-04","Methanol",NULL,NULL,NULL,"2024-12-01 18:06:12.994304+00","2024-12-01 18:06:12.994304+00",NULL,1,NULL,NULL,"IN"
117,"import","2021-11-04","2-Propanol",NULL,NULL,NULL,"2024-12-01 18:06:12.994304+00","2024-12-01 18:06:12.994304+00",NULL,1,NULL,NULL,"IN"
118,"import","2021-11-11","Pentane",NULL,NULL,NULL,"2024-12-01 18:06:12.994304+00","2024-12-01 18:06:12.994304+00",NULL,1,NULL,NULL,"IN"
119,"import","2021-11-11","Dichloromethane",NULL,NULL,NULL,"2024-12-01 18:06:12.994304+00","2024-12-01 18:06:12.994304+00",NULL,1,NULL,NULL,"IN"
120,"import","2021-11-12","Dichloromethane",NULL,NULL,NULL,"2024-12-01 18:06:12.994304+00","2024-12-01 18:06:12.994304+00",NULL,1,NULL,NULL,"IN"
121,"import","2021-11-18","MEK",NULL,NULL,NULL,"2024-12-01 18:06:12.994304+00","2024-12-01 18:06:12.994304+00",NULL,1,NULL,NULL,"IN"
122,"import","2021-11-18","Dimethylformamide",NULL,NULL,NULL,"2024-12-01 18:06:12.994304+00","2024-12-01 18:06:12.994304+00",NULL,1,NULL,NULL,"IN"
123,"import","2021-11-25","Dimethylformamide",NULL,NULL,NULL,"2024-12-01 18:06:12.994304+00","2024-12-01 18:06:12.994304+00",NULL,1,NULL,NULL,"IN"
124,"import","2021-11-25","Dimethylformamide",NULL,NULL,NULL,"2024-12-01 18:06:12.994304+00","2024-12-01 18:06:12.994304+00",NULL,1,NULL,NULL,"IN"
125,"import","2021-11-25","Dimethylformamide",NULL,NULL,NULL,"2024-12-01 18:06:12.994304+00","2024-12-01 18:06:12.994304+00",NULL,1,NULL,NULL,"IN"
126,"import","2021-12-07","Ethyl Acetate",NULL,NULL,NULL,"2024-12-01 18:06:12.994304+00","2024-12-01 18:06:12.994304+00",NULL,1,NULL,NULL,"IN"
127,"import","2021-12-13","Acetone",NULL,NULL,NULL,"2024-12-01 18:06:12.994304+00","2024-12-01 18:06:12.994304+00",NULL,1,NULL,NULL,"IN"
128,"import","2021-12-13","n-Octanol",NULL,NULL,NULL,"2024-12-01 18:06:12.994304+00","2024-12-01 18:06:12.994304+00",NULL,1,NULL,NULL,"IN"
129,"import","2022-01-05","Tetrahydrofuran",NULL,NULL,NULL,"2024-12-01 18:06:12.994304+00","2024-12-01 18:06:12.994304+00",NULL,1,NULL,NULL,"IN"
130,"import","2022-01-07","Methanol",NULL,NULL,NULL,"2024-12-01 18:06:12.994304+00","2024-12-01 18:06:12.994304+00",NULL,1,NULL,NULL,"IN"
131,"import","2022-01-13","Methanol",NULL,NULL,NULL,"2024-12-01 18:06:12.994304+00","2024-12-01 18:06:12.994304+00",NULL,1,NULL,NULL,"IN"
132,"import","2022-01-26","Cyclohexane",NULL,NULL,NULL,"2024-12-01 18:06:12.994304+00","2024-12-01 18:06:12.994304+00",NULL,1,NULL,NULL,"IN"
133,"import","2022-01-27","DCM",NULL,NULL,NULL,"2024-12-01 18:06:12.994304+00","2024-12-01 18:06:12.994304+00",NULL,1,NULL,NULL,"IN"
134,"import","2022-01-28","Acetone",NULL,NULL,NULL,"2024-12-01 18:06:12.994304+00","2024-12-01 18:06:12.994304+00",NULL,1,NULL,NULL,"IN"
135,"import","2022-02-02","DCM",NULL,NULL,NULL,"2024-12-01 18:06:12.994304+00","2024-12-01 18:06:12.994304+00",NULL,1,NULL,NULL,"IN"
136,"import","2022-02-02","Methylcyclohexane",NULL,NULL,NULL,"2024-12-01 18:06:12.994304+00","2024-12-01 18:06:12.994304+00",NULL,1,NULL,NULL,"IN"
137,"import","2022-02-07","Pentane",NULL,NULL,NULL,"2024-12-01 18:06:12.994304+00","2024-12-01 18:06:12.994304+00",NULL,1,NULL,NULL,"IN"
138,"import","2022-02-08","Tetrahydrofuran",NULL,NULL,NULL,"2024-12-01 18:06:12.994304+00","2024-12-01 18:06:12.994304+00",NULL,1,NULL,NULL,"IN"
139,"import","2022-02-15","2-Propanol",NULL,NULL,NULL,"2024-12-01 18:06:12.994304+00","2024-12-01 18:06:12.994304+00",NULL,1,NULL,NULL,"IN"
140,"import","2022-02-15","Ethanol",NULL,NULL,NULL,"2024-12-01 18:06:12.994304+00","2024-12-01 18:06:12.994304+00",NULL,1,NULL,NULL,"IN"
141,"import","2022-02-15"," Diethyl Eher",NULL,NULL,NULL,"2024-12-01 18:06:12.994304+00","2024-12-01 18:06:12.994304+00",NULL,1,NULL,NULL,"IN"
142,"import","2022-02-23","Methanol",NULL,NULL,NULL,"2024-12-01 18:06:12.994304+00","2024-12-01 18:06:12.994304+00",NULL,1,NULL,NULL,"IN"
143,"import","2022-02-23","2-Propanol",NULL,NULL,NULL,"2024-12-01 18:06:12.994304+00","2024-12-01 18:06:12.994304+00",NULL,1,NULL,NULL,"IN"
144,"import","2022-02-23","Pentane",NULL,NULL,NULL,"2024-12-01 18:06:12.994304+00","2024-12-01 18:06:12.994304+00",NULL,1,NULL,NULL,"IN"
145,"import","2022-02-24","Acetonitrile",NULL,NULL,NULL,"2024-12-01 18:06:12.994304+00","2024-12-01 18:06:12.994304+00",NULL,1,NULL,NULL,"IN"
146,"import","2022-02-25","Hexane",NULL,NULL,NULL,"2024-12-01 18:06:12.994304+00","2024-12-01 18:06:12.994304+00",NULL,1,NULL,NULL,"IN"
147,"import","2022-02-25","Pentane",NULL,NULL,NULL,"2024-12-01 18:06:12.994304+00","2024-12-01 18:06:12.994304+00",NULL,1,NULL,NULL,"IN"
148,"import","2022-03-08","Acetone",NULL,NULL,NULL,"2024-12-01 18:06:12.994304+00","2024-12-01 18:06:12.994304+00",NULL,1,NULL,NULL,"IN"
149,"import","2022-03-09","Ethyl Acetate",NULL,NULL,NULL,"2024-12-01 18:06:12.994304+00","2024-12-01 18:06:12.994304+00",NULL,1,NULL,NULL,"IN"
150,"import","2022-03-16","Acetone",NULL,NULL,NULL,"2024-12-01 18:06:12.994304+00","2024-12-01 18:06:12.994304+00",NULL,1,NULL,NULL,"IN"
151,"import","2022-03-28","Acetic Acid ",NULL,NULL,NULL,"2024-12-01 18:06:12.994304+00","2024-12-01 18:06:12.994304+00",NULL,1,NULL,NULL,"IN"
152,"import","2022-03-29","Methanol",NULL,NULL,NULL,"2024-12-01 18:06:12.994304+00","2024-12-01 18:06:12.994304+00",NULL,1,NULL,NULL,"IN"
153,"import","2022-04-01","Ethyl Acetate",NULL,NULL,NULL,"2024-12-01 18:06:12.994304+00","2024-12-01 18:06:12.994304+00",NULL,1,NULL,NULL,"IN"
154,"import","2022-04-06","Methyl Formate",NULL,NULL,NULL,"2024-12-01 18:06:12.994304+00","2024-12-01 18:06:12.994304+00",NULL,1,NULL,NULL,"IN"
155,"import","2022-04-06","Diethyl Ether",NULL,NULL,NULL,"2024-12-01 18:06:12.994304+00","2024-12-01 18:06:12.994304+00",NULL,1,NULL,NULL,"IN"
156,"import","2022-04-06","Acetonitrile",NULL,NULL,NULL,"2024-12-01 18:06:12.994304+00","2024-12-01 18:06:12.994304+00",NULL,1,NULL,NULL,"IN"
157,"import","2022-04-11","Toluene",NULL,NULL,NULL,"2024-12-01 18:06:12.994304+00","2024-12-01 18:06:12.994304+00",NULL,1,NULL,NULL,"IN"
158,"import","2022-04-11","Toluene",NULL,NULL,NULL,"2024-12-01 18:06:12.994304+00","2024-12-01 18:06:12.994304+00",NULL,1,NULL,NULL,"IN"
159,"import","2022-04-12","N-Butanol",NULL,NULL,NULL,"2024-12-01 18:06:12.994304+00","2024-12-01 18:06:12.994304+00",NULL,1,NULL,NULL,"IN"
160,"import","2022-04-12","Methanol",NULL,NULL,NULL,"2024-12-01 18:06:12.994304+00","2024-12-01 18:06:12.994304+00",NULL,1,NULL,NULL,"IN"
161,"import","2022-04-26","Cs2",NULL,NULL,NULL,"2024-12-01 18:06:12.994304+00","2024-12-01 18:06:12.994304+00",NULL,1,NULL,NULL,"IN"
162,"import","2022-05-03","TMP",NULL,NULL,NULL,"2024-12-01 18:06:12.994304+00","2024-12-01 18:06:12.994304+00",NULL,1,NULL,NULL,"IN"
163,"import","2022-05-05","Ethanol",NULL,NULL,NULL,"2024-12-01 18:06:12.994304+00","2024-12-01 18:06:12.994304+00",NULL,1,NULL,NULL,"IN"
164,"import","2022-05-20","1,2 Dimethoxtethane ",NULL,NULL,NULL,"2024-12-01 18:06:12.994304+00","2024-12-01 18:06:12.994304+00",NULL,1,NULL,NULL,"IN"
165,"import","2022-05-30","Acetone",NULL,NULL,NULL,"2024-12-01 18:06:12.994304+00","2024-12-01 18:06:12.994304+00",NULL,1,NULL,NULL,"IN"
166,"import","2022-05-30","Tetrachloroethylene",NULL,NULL,NULL,"2024-12-01 18:06:12.994304+00","2024-12-01 18:06:12.994304+00",NULL,1,NULL,NULL,"IN"
167,"import","2022-06-01","1,2 Dimethoxyethane",NULL,NULL,NULL,"2024-12-01 18:06:12.994304+00","2024-12-01 18:06:12.994304+00",NULL,1,NULL,NULL,"IN"
168,"import","2022-06-09","Acetic Acid ",NULL,NULL,NULL,"2024-12-01 18:06:12.994304+00","2024-12-01 18:06:12.994304+00",NULL,1,NULL,NULL,"IN"
169,"import","2022-06-14","Pentane",NULL,NULL,NULL,"2024-12-01 18:06:12.994304+00","2024-12-01 18:06:12.994304+00",NULL,1,NULL,NULL,"IN"
170,"import","2022-06-20","2-Propanol ",NULL,NULL,NULL,"2024-12-01 18:06:12.994304+00","2024-12-01 18:06:12.994304+00",NULL,1,NULL,NULL,"IN"
171,"import","2022-06-22","Ethyl Acetate",NULL,NULL,NULL,"2024-12-01 18:06:12.994304+00","2024-12-01 18:06:12.994304+00",NULL,1,NULL,NULL,"IN"
172,"import","2022-06-22","Ethyl Acetate",NULL,NULL,NULL,"2024-12-01 18:06:12.994304+00","2024-12-01 18:06:12.994304+00",NULL,1,NULL,NULL,"IN"
173,"import","2022-06-24","Acetic Acid",NULL,NULL,NULL,"2024-12-01 18:06:12.994304+00","2024-12-01 18:06:12.994304+00",NULL,1,NULL,NULL,"IN"
174,"import","2022-07-12","Diethyl Ether",NULL,NULL,NULL,"2024-12-01 18:06:12.994304+00","2024-12-01 18:06:12.994304+00",NULL,1,NULL,NULL,"IN"
175,"import","2022-07-12","Dichloromethane",NULL,NULL,NULL,"2024-12-01 18:06:12.994304+00","2024-12-01 18:06:12.994304+00",NULL,1,NULL,NULL,"IN"
176,"import","2022-07-15","Ethanol",NULL,NULL,NULL,"2024-12-01 18:06:12.994304+00","2024-12-01 18:06:12.994304+00",NULL,1,NULL,NULL,"IN"
177,"import","2022-07-20","Methyl Formate",NULL,NULL,NULL,"2024-12-01 18:06:12.994304+00","2024-12-01 18:06:12.994304+00",NULL,1,NULL,NULL,"IN"
178,"import","2022-08-05","Chloroform",NULL,NULL,NULL,"2024-12-01 18:06:12.994304+00","2024-12-01 18:06:12.994304+00",NULL,1,NULL,NULL,"IN"
179,"import","2022-08-08","ISOHEXANE",NULL,NULL,NULL,"2024-12-01 18:06:12.994304+00","2024-12-01 18:06:12.994304+00",NULL,1,NULL,NULL,"IN"
180,"import","2022-08-08","1,2 Dimethoxyethane",NULL,NULL,NULL,"2024-12-01 18:06:12.994304+00","2024-12-01 18:06:12.994304+00",NULL,1,NULL,NULL,"IN"
181,"import","2022-08-10","DCM",NULL,NULL,NULL,"2024-12-01 18:06:12.994304+00","2024-12-01 18:06:12.994304+00",NULL,1,NULL,NULL,"IN"
182,"import","2022-08-10","Hexane",NULL,NULL,NULL,"2024-12-01 18:06:12.994304+00","2024-12-01 18:06:12.994304+00",NULL,1,NULL,NULL,"IN"
183,"import","2022-08-15","Acetonitrile",NULL,NULL,NULL,"2024-12-01 18:06:12.994304+00","2024-12-01 18:06:12.994304+00",NULL,1,NULL,NULL,"IN"
184,"import","2022-08-18","Pentane",NULL,NULL,NULL,"2024-12-01 18:06:12.994304+00","2024-12-01 18:06:12.994304+00",NULL,1,NULL,NULL,"IN"
185,"import","2022-08-24","n_Butanol",NULL,NULL,NULL,"2024-12-01 18:06:12.994304+00","2024-12-01 18:06:12.994304+00",NULL,1,NULL,NULL,"IN"
186,"import","2022-09-14","MEK",NULL,NULL,NULL,"2024-12-01 18:06:12.994304+00","2024-12-01 18:06:12.994304+00",NULL,1,NULL,NULL,"IN"
187,"import","2022-09-14","Ethyl Acetate",NULL,NULL,NULL,"2024-12-01 18:06:12.994304+00","2024-12-01 18:06:12.994304+00",NULL,1,NULL,NULL,"IN"
188,"import","2022-09-14","Dimethylsulphoxide",NULL,NULL,NULL,"2024-12-01 18:06:12.994304+00","2024-12-01 18:06:12.994304+00",NULL,1,NULL,NULL,"IN"
189,"import","2022-09-16","Methanol",NULL,NULL,NULL,"2024-12-01 18:06:12.994304+00","2024-12-01 18:06:12.994304+00",NULL,1,NULL,NULL,"IN"
190,"import","2022-09-22","Octanol",NULL,NULL,NULL,"2024-12-01 18:06:12.994304+00","2024-12-01 18:06:12.994304+00",NULL,1,NULL,NULL,"IN"
191,"import","2022-09-16","Methanol",NULL,NULL,NULL,"2024-12-01 18:06:12.994304+00","2024-12-01 18:06:12.994304+00",NULL,1,NULL,NULL,"IN"
192,"import","2022-10-03","Cyclohexane",NULL,NULL,NULL,"2024-12-01 18:06:12.994304+00","2024-12-01 18:06:12.994304+00",NULL,1,NULL,NULL,"IN"
193,"import","2022-10-03","2-Propanol",NULL,NULL,NULL,"2024-12-01 18:06:12.994304+00","2024-12-01 18:06:12.994304+00",NULL,1,NULL,NULL,"IN"
194,"import","2022-10-13","Pentane",NULL,NULL,NULL,"2024-12-01 18:06:12.994304+00","2024-12-01 18:06:12.994304+00",NULL,1,NULL,NULL,"IN"
195,"import","2022-10-21","Ethyl Acetate",NULL,NULL,NULL,"2024-12-01 18:06:12.994304+00","2024-12-01 18:06:12.994304+00",NULL,1,NULL,NULL,"IN"
196,"import","2022-11-03","Methanol",NULL,NULL,NULL,"2024-12-01 18:06:12.994304+00","2024-12-01 18:06:12.994304+00",NULL,1,NULL,NULL,"IN"
197,"import","2022-11-03","Ethanol",NULL,NULL,NULL,"2024-12-01 18:06:12.994304+00","2024-12-01 18:06:12.994304+00",NULL,1,NULL,NULL,"IN"
198,"import","2022-11-09","cs2",NULL,NULL,NULL,"2024-12-01 18:06:12.994304+00","2024-12-01 18:06:12.994304+00",NULL,1,NULL,NULL,"IN"
199,"import","2022-11-09","Tetrahydrofuran",NULL,NULL,NULL,"2024-12-01 18:06:12.994304+00","2024-12-01 18:06:12.994304+00",NULL,1,NULL,NULL,"IN"
200,"import","2022-11-11","Dichloromethane",NULL,NULL,NULL,"2024-12-01 18:06:12.994304+00","2024-12-01 18:06:12.994304+00",NULL,1,NULL,NULL,"IN"
201,"import","2022-11-15","Dichlorobenzene",NULL,NULL,NULL,"2024-12-01 18:06:12.994304+00","2024-12-01 18:06:12.994304+00",NULL,1,NULL,NULL,"IN"
202,"import","2022-11-22","Acetonitrile",NULL,NULL,NULL,"2024-12-01 18:06:12.994304+00","2024-12-01 18:06:12.994304+00",NULL,1,NULL,NULL,"IN"
203,"import","2022-11-22","Piperidine",NULL,NULL,NULL,"2024-12-01 18:06:12.994304+00","2024-12-01 18:06:12.994304+00",NULL,1,NULL,NULL,"IN"
204,"import","2022-11-22","Diethyl Ether",NULL,NULL,NULL,"2024-12-01 18:06:12.994304+00","2024-12-01 18:06:12.994304+00",NULL,1,NULL,NULL,"IN"
205,"import","2022-12-20","Hexane",NULL,NULL,NULL,"2024-12-01 18:06:12.994304+00","2024-12-01 18:06:12.994304+00",NULL,1,NULL,NULL,"IN"
206,"import","2022-12-20","Methyl Acetate",NULL,NULL,NULL,"2024-12-01 18:06:12.994304+00","2024-12-01 18:06:12.994304+00",NULL,1,NULL,NULL,"IN"
207,"import","2022-12-20","Pentane",NULL,NULL,NULL,"2024-12-01 18:06:12.994304+00","2024-12-01 18:06:12.994304+00",NULL,1,NULL,NULL,"IN"
208,"import","2023-01-12","THF",NULL,NULL,NULL,"2024-12-01 18:06:12.994304+00","2024-12-01 18:06:12.994304+00",NULL,1,NULL,NULL,"IN"
209,"import","2023-01-13","DCM",NULL,NULL,NULL,"2024-12-01 18:06:12.994304+00","2024-12-01 18:06:12.994304+00",NULL,1,NULL,NULL,"IN"
210,"import","2023-01-16","Methanol",NULL,NULL,NULL,"2024-12-01 18:06:12.994304+00","2024-12-01 18:06:12.994304+00",NULL,1,NULL,NULL,"IN"
211,"import","2023-01-16","2-Propanol",NULL,NULL,NULL,"2024-12-01 18:06:12.994304+00","2024-12-01 18:06:12.994304+00",NULL,1,NULL,NULL,"IN"
212,"import","2023-01-16","Ethanol",NULL,NULL,NULL,"2024-12-01 18:06:12.994304+00","2024-12-01 18:06:12.994304+00",NULL,1,NULL,NULL,"IN"
213,"import","2023-01-18","Methyl Formate",NULL,NULL,NULL,"2024-12-01 18:06:12.994304+00","2024-12-01 18:06:12.994304+00",NULL,1,NULL,NULL,"IN"
214,"import","2023-01-18","Acetone",NULL,NULL,NULL,"2024-12-01 18:06:12.994304+00","2024-12-01 18:06:12.994304+00",NULL,1,NULL,NULL,"IN"
215,"import","2023-01-19","Toluene",NULL,NULL,NULL,"2024-12-01 18:06:12.994304+00","2024-12-01 18:06:12.994304+00",NULL,1,NULL,NULL,"IN"
216,"import","2023-01-19","Cyclohexane",NULL,NULL,NULL,"2024-12-01 18:06:12.994304+00","2024-12-01 18:06:12.994304+00",NULL,1,NULL,NULL,"IN"
217,"import","2023-01-19","Acetone",NULL,NULL,NULL,"2024-12-01 18:06:12.994304+00","2024-12-01 18:06:12.994304+00",NULL,1,NULL,NULL,"IN"
218,"import","2023-01-25","Methanol",NULL,NULL,NULL,"2024-12-01 18:06:12.994304+00","2024-12-01 18:06:12.994304+00",NULL,1,NULL,NULL,"IN"
219,"import","2023-02-01","DCM",NULL,NULL,NULL,"2024-12-01 18:06:12.994304+00","2024-12-01 18:06:12.994304+00",NULL,1,NULL,NULL,"IN"
220,"import","2023-02-06","Chloroform",NULL,NULL,NULL,"2024-12-01 18:06:12.994304+00","2024-12-01 18:06:12.994304+00",NULL,1,NULL,NULL,"IN"
221,"import","2023-02-15","Hexane 99%",NULL,NULL,NULL,"2024-12-01 18:06:12.994304+00","2024-12-01 18:06:12.994304+00",NULL,1,NULL,NULL,"IN"
222,"import","2023-02-15","Heptane 99%",NULL,NULL,NULL,"2024-12-01 18:06:12.994304+00","2024-12-01 18:06:12.994304+00",NULL,1,NULL,NULL,"IN"
223,"import","2023-03-01","CS2",NULL,NULL,NULL,"2024-12-01 18:06:12.994304+00","2024-12-01 18:06:12.994304+00",NULL,1,NULL,NULL,"IN"
224,"import","2023-03-03","Pentane",NULL,NULL,NULL,"2024-12-01 18:06:12.994304+00","2024-12-01 18:06:12.994304+00",NULL,1,NULL,NULL,"IN"
225,"import","2023-03-03","Xylene",NULL,NULL,NULL,"2024-12-01 18:06:12.994304+00","2024-12-01 18:06:12.994304+00",NULL,1,NULL,NULL,"IN"
226,"import","2023-03-06","DMF",NULL,NULL,NULL,"2024-12-01 18:06:12.994304+00","2024-12-01 18:06:12.994304+00",NULL,1,NULL,NULL,"IN"
227,"import","2023-03-09","Methanol",NULL,NULL,NULL,"2024-12-01 18:06:12.994304+00","2024-12-01 18:06:12.994304+00",NULL,1,NULL,NULL,"IN"
228,"import","2023-03-28","Pentane",NULL,NULL,NULL,"2024-12-01 18:06:12.994304+00","2024-12-01 18:06:12.994304+00",NULL,1,NULL,NULL,"IN"
229,"import","2023-03-29","Diethyl Ether",NULL,NULL,NULL,"2024-12-01 18:06:12.994304+00","2024-12-01 18:06:12.994304+00",NULL,1,NULL,NULL,"IN"
230,"import","2023-03-29","MEG",NULL,NULL,NULL,"2024-12-01 18:06:12.994304+00","2024-12-01 18:06:12.994304+00",NULL,1,NULL,NULL,"IN"
231,"import","2023-04-05","Ethanol",NULL,NULL,NULL,"2024-12-01 18:06:12.994304+00","2024-12-01 18:06:12.994304+00",NULL,1,NULL,NULL,"IN"
232,"import","2023-04-05","IPA",NULL,NULL,NULL,"2024-12-01 18:06:12.994304+00","2024-12-01 18:06:12.994304+00",NULL,1,NULL,NULL,"IN"
233,"import","2023-04-11","Acetonitrile",NULL,NULL,NULL,"2024-12-01 18:06:12.994304+00","2024-12-01 18:06:12.994304+00",NULL,1,NULL,NULL,"IN"
234,"import","2023-04-17","Acetic Acid",NULL,NULL,NULL,"2024-12-01 18:06:12.994304+00","2024-12-01 18:06:12.994304+00",NULL,1,NULL,NULL,"IN"
235,"import","2023-04-19","DMF",NULL,NULL,NULL,"2024-12-01 18:06:12.994304+00","2024-12-01 18:06:12.994304+00",NULL,1,NULL,NULL,"IN"
236,"import","2023-04-20","Ethyl Acetate ",NULL,NULL,NULL,"2024-12-01 18:06:12.994304+00","2024-12-01 18:06:12.994304+00",NULL,1,NULL,NULL,"IN"
237,"import","2023-04-20","Toluene",NULL,NULL,NULL,"2024-12-01 18:06:12.994304+00","2024-12-01 18:06:12.994304+00",NULL,1,NULL,NULL,"IN"
238,"import","2023-05-02","Methanol",NULL,NULL,NULL,"2024-12-01 18:06:12.994304+00","2024-12-01 18:06:12.994304+00",NULL,1,NULL,NULL,"IN"
239,"import","2023-05-09","Acetic Acid",NULL,NULL,NULL,"2024-12-01 18:06:12.994304+00","2024-12-01 18:06:12.994304+00",NULL,1,NULL,NULL,"IN"
240,"import","2023-05-09","Hexane",NULL,NULL,NULL,"2024-12-01 18:06:12.994304+00","2024-12-01 18:06:12.994304+00",NULL,1,NULL,NULL,"IN"
241,"import","2023-06-05","Methanol",NULL,NULL,NULL,"2024-12-01 18:06:12.994304+00","2024-12-01 18:06:12.994304+00",NULL,1,NULL,NULL,"IN"
242,"import","2023-06-05","Acetonitrile",NULL,NULL,NULL,"2024-12-01 18:06:12.994304+00","2024-12-01 18:06:12.994304+00",NULL,1,NULL,NULL,"IN"
243,"import","2023-06-09","Methanol",NULL,NULL,NULL,"2024-12-01 18:06:12.994304+00","2024-12-01 18:06:12.994304+00",NULL,1,NULL,NULL,"IN"
244,"import","2023-06-19","Methanol",NULL,NULL,NULL,"2024-12-01 18:06:12.994304+00","2024-12-01 18:06:12.994304+00",NULL,1,NULL,NULL,"IN"
245,"import","2023-06-19","2-Propanol",NULL,NULL,NULL,"2024-12-01 18:06:12.994304+00","2024-12-01 18:06:12.994304+00",NULL,1,NULL,NULL,"IN"
246,"import","2023-06-21","Methanol",NULL,NULL,NULL,"2024-12-01 18:06:12.994304+00","2024-12-01 18:06:12.994304+00",NULL,1,NULL,NULL,"IN"
247,"import","2023-06-21","MIBK",NULL,NULL,NULL,"2024-12-01 18:06:12.994304+00","2024-12-01 18:06:12.994304+00",NULL,1,NULL,NULL,"IN"
248,"import","2023-07-11","Cyclohexane",NULL,NULL,NULL,"2024-12-01 18:06:12.994304+00","2024-12-01 18:06:12.994304+00",NULL,1,NULL,NULL,"IN"
249,"import","2023-07-11","Cyclohexane",NULL,NULL,NULL,"2024-12-01 18:06:12.994304+00","2024-12-01 18:06:12.994304+00",NULL,1,NULL,NULL,"IN"
250,"import","2023-07-11","Cyclohexane",NULL,NULL,NULL,"2024-12-01 18:06:12.994304+00","2024-12-01 18:06:12.994304+00",NULL,1,NULL,NULL,"IN"
251,"import","2023-07-11","Cyclohexane",NULL,NULL,NULL,"2024-12-01 18:06:12.994304+00","2024-12-01 18:06:12.994304+00",NULL,1,NULL,NULL,"IN"
252,"import","2023-07-11","Cyclohexane",NULL,NULL,NULL,"2024-12-01 18:06:12.994304+00","2024-12-01 18:06:12.994304+00",NULL,1,NULL,NULL,"IN"
253,"import","2023-07-11","Cyclohexane",NULL,NULL,NULL,"2024-12-01 18:06:12.994304+00","2024-12-01 18:06:12.994304+00",NULL,1,NULL,NULL,"IN"
254,"import","2023-07-11","Cyclohexane",NULL,NULL,NULL,"2024-12-01 18:06:12.994304+00","2024-12-01 18:06:12.994304+00",NULL,1,NULL,NULL,"IN"
255,"import","2023-07-11","Cyclohexane",NULL,NULL,NULL,"2024-12-01 18:06:12.994304+00","2024-12-01 18:06:12.994304+00",NULL,1,NULL,NULL,"IN"
256,"import","2023-07-11","Cyclohexane",NULL,NULL,NULL,"2024-12-01 18:06:12.994304+00","2024-12-01 18:06:12.994304+00",NULL,1,NULL,NULL,"IN"
257,"import","2023-07-11","Cyclohexane",NULL,NULL,NULL,"2024-12-01 18:06:12.994304+00","2024-12-01 18:06:12.994304+00",NULL,1,NULL,NULL,"IN"
258,"import","2023-07-11","Cyclohexane",NULL,NULL,NULL,"2024-12-01 18:06:12.994304+00","2024-12-01 18:06:12.994304+00",NULL,1,NULL,NULL,"IN"
259,"import","2023-07-11","Cyclohexane",NULL,NULL,NULL,"2024-12-01 18:06:12.994304+00","2024-12-01 18:06:12.994304+00",NULL,1,NULL,NULL,"IN"
260,"import","2023-07-12","TMP",NULL,NULL,NULL,"2024-12-01 18:06:12.994304+00","2024-12-01 18:06:12.994304+00",NULL,1,NULL,NULL,"IN"
261,"import","2023-07-14","Acetonitrile",NULL,NULL,NULL,"2024-12-01 18:06:12.994304+00","2024-12-01 18:06:12.994304+00",NULL,1,NULL,NULL,"IN"
262,"import","2023-07-18","Ethanol",NULL,NULL,NULL,"2024-12-01 18:06:12.994304+00","2024-12-01 18:06:12.994304+00",NULL,1,NULL,NULL,"IN"
263,"import","2023-07-18","Methanol",NULL,NULL,NULL,"2024-12-01 18:06:12.994304+00","2024-12-01 18:06:12.994304+00",NULL,1,NULL,NULL,"IN"
264,"import","2023-07-17","MIBK",NULL,NULL,NULL,"2024-12-01 18:06:12.994304+00","2024-12-01 18:06:12.994304+00",NULL,1,NULL,NULL,"IN"
265,"import","2023-07-21","Acetonitrile",NULL,NULL,NULL,"2024-12-01 18:06:12.994304+00","2024-12-01 18:06:12.994304+00",NULL,1,NULL,NULL,"IN"
266,"import","2023-07-25","Pentane",NULL,NULL,NULL,"2024-12-01 18:06:12.994304+00","2024-12-01 18:06:12.994304+00",NULL,1,NULL,NULL,"IN"
267,"import","2023-08-17","Acetone",NULL,NULL,NULL,"2024-12-01 18:06:12.994304+00","2024-12-01 18:06:12.994304+00",NULL,1,NULL,NULL,"IN"
268,"import","2023-08-17","Ethyl Acetate",NULL,NULL,NULL,"2024-12-01 18:06:12.994304+00","2024-12-01 18:06:12.994304+00",NULL,1,NULL,NULL,"IN"
269,"import","2023-08-17","Toluene",NULL,NULL,NULL,"2024-12-01 18:06:12.994304+00","2024-12-01 18:06:12.994304+00",NULL,1,NULL,NULL,"IN"
270,"import","2023-09-05","DCM",NULL,NULL,NULL,"2024-12-01 18:06:12.994304+00","2024-12-01 18:06:12.994304+00",NULL,1,NULL,NULL,"IN"
271,"import","2023-09-11","Acetic Acid",NULL,NULL,NULL,"2024-12-01 18:06:12.994304+00","2024-12-01 18:06:12.994304+00",NULL,1,NULL,NULL,"IN"
272,"import","2023-09-13","iso-Pentane",NULL,NULL,NULL,"2024-12-01 18:06:12.994304+00","2024-12-01 18:06:12.994304+00",NULL,1,NULL,NULL,"IN"
273,"import","2023-09-13","2-Propanol",NULL,NULL,NULL,"2024-12-01 18:06:12.994304+00","2024-12-01 18:06:12.994304+00",NULL,1,NULL,NULL,"IN"
274,"import","2023-09-13","Methanol",NULL,NULL,NULL,"2024-12-01 18:06:12.994304+00","2024-12-01 18:06:12.994304+00",NULL,1,NULL,NULL,"IN"
275,"import","2023-09-13","2-Pronanol",NULL,NULL,NULL,"2024-12-01 18:06:12.994304+00","2024-12-01 18:06:12.994304+00",NULL,1,NULL,NULL,"IN"
276,"import","2023-09-13","Methanol",NULL,NULL,NULL,"2024-12-01 18:06:12.994304+00","2024-12-01 18:06:12.994304+00",NULL,1,NULL,NULL,"IN"
277,"import","2023-09-13"," 2-Propanol",NULL,NULL,NULL,"2024-12-01 18:06:12.994304+00","2024-12-01 18:06:12.994304+00",NULL,1,NULL,NULL,"IN"
278,"import","2023-09-13","Methanol",NULL,NULL,NULL,"2024-12-01 18:06:12.994304+00","2024-12-01 18:06:12.994304+00",NULL,1,NULL,NULL,"IN"
279,"import","2023-09-13","2-Propanol",NULL,NULL,NULL,"2024-12-01 18:06:12.994304+00","2024-12-01 18:06:12.994304+00",NULL,1,NULL,NULL,"IN"
280,"import","2023-09-13","Methanol",NULL,NULL,NULL,"2024-12-01 18:06:12.994304+00","2024-12-01 18:06:12.994304+00",NULL,1,NULL,NULL,"IN"
281,"import","2023-09-20","NMP",NULL,NULL,NULL,"2024-12-01 18:06:12.994304+00","2024-12-01 18:06:12.994304+00",NULL,1,NULL,NULL,"IN"
282,"import","2023-09-26","Pentane",NULL,NULL,NULL,"2024-12-01 18:06:12.994304+00","2024-12-01 18:06:12.994304+00",NULL,1,NULL,NULL,"IN"
283,"import","2023-10-02","Iso-Hexane",NULL,NULL,NULL,"2024-12-01 18:06:12.994304+00","2024-12-01 18:06:12.994304+00",NULL,1,NULL,NULL,"IN"
284,"import","2023-10-09","MEG",NULL,NULL,NULL,"2024-12-01 18:06:12.994304+00","2024-12-01 18:06:12.994304+00",NULL,1,NULL,NULL,"IN"
285,"import","2023-10-25","60-80 PS",NULL,NULL,NULL,"2024-12-01 18:06:12.994304+00","2024-12-01 18:06:12.994304+00",NULL,1,NULL,NULL,"IN"
286,"import","2023-10-25","Tetrahydrofuran",NULL,NULL,NULL,"2024-12-01 18:06:12.994304+00","2024-12-01 18:06:12.994304+00",NULL,1,NULL,NULL,"IN"
287,"import","2023-10-25","DMF",NULL,NULL,NULL,"2024-12-01 18:06:12.994304+00","2024-12-01 18:06:12.994304+00",NULL,1,NULL,NULL,"IN"
288,"import","2023-10-24","Diethyl Ether ",NULL,NULL,NULL,"2024-12-01 18:06:12.994304+00","2024-12-01 18:06:12.994304+00",NULL,1,NULL,NULL,"IN"
289,"import","2023-11-06"," Hexane",NULL,NULL,NULL,"2024-12-01 18:06:12.994304+00","2024-12-01 18:06:12.994304+00",NULL,1,NULL,NULL,"IN"
290,"import","2023-11-09","Pentane",NULL,NULL,NULL,"2024-12-01 18:06:12.994304+00","2024-12-01 18:06:12.994304+00",NULL,1,NULL,NULL,"IN"
291,"import","2023-11-15","Acetone",NULL,NULL,NULL,"2024-12-01 18:06:12.994304+00","2024-12-01 18:06:12.994304+00",NULL,1,NULL,NULL,"IN"
292,"import","2023-11-15","Methanol",NULL,NULL,NULL,"2024-12-01 18:06:12.994304+00","2024-12-01 18:06:12.994304+00",NULL,1,NULL,NULL,"IN"
293,"import","2023-11-15","2-Propanol",NULL,NULL,NULL,"2024-12-01 18:06:12.994304+00","2024-12-01 18:06:12.994304+00",NULL,1,NULL,NULL,"IN"
294,"import","2023-11-24","Acetonitrile",NULL,NULL,NULL,"2024-12-01 18:06:12.994304+00","2024-12-01 18:06:12.994304+00",NULL,1,NULL,NULL,"IN"
295,"import","2023-11-30","Acetonitrile",NULL,NULL,NULL,"2024-12-01 18:06:12.994304+00","2024-12-01 18:06:12.994304+00",NULL,1,NULL,NULL,"IN"
296,"import","2023-12-05","CS2",NULL,NULL,NULL,"2024-12-01 18:06:12.994304+00","2024-12-01 18:06:12.994304+00",NULL,1,NULL,NULL,"IN"
297,"import","2023-12-05","CS2",NULL,NULL,NULL,"2024-12-01 18:06:12.994304+00","2024-12-01 18:06:12.994304+00",NULL,1,NULL,NULL,"IN"
298,"import","2023-12-12","Dichloromethane",NULL,NULL,NULL,"2024-12-01 18:06:12.994304+00","2024-12-01 18:06:12.994304+00",NULL,1,NULL,NULL,"IN"
299,"import","2023-12-12","Chloroform",NULL,NULL,NULL,"2024-12-01 18:06:12.994304+00","2024-12-01 18:06:12.994304+00",NULL,1,NULL,NULL,"IN"
300,"import","2023-12-19","Diethyl Ether",NULL,NULL,NULL,"2024-12-01 18:06:12.994304+00","2024-12-01 18:06:12.994304+00",NULL,1,NULL,NULL,"IN"
301,"import","2023-12-19","Methanol",NULL,NULL,NULL,"2024-12-01 18:06:12.994304+00","2024-12-01 18:06:12.994304+00",NULL,1,NULL,NULL,"IN"
302,"import","2023-12-19","Ethanol",NULL,NULL,NULL,"2024-12-01 18:06:12.994304+00","2024-12-01 18:06:12.994304+00",NULL,1,NULL,NULL,"IN"
303,"import","2024-01-19","Heptane",NULL,NULL,NULL,"2024-12-01 18:06:12.994304+00","2024-12-01 18:06:12.994304+00",NULL,1,NULL,NULL,"IN"
304,"import","2024-01-19"," Hexane 99",NULL,NULL,NULL,"2024-12-01 18:06:12.994304+00","2024-12-01 18:06:12.994304+00",NULL,1,NULL,NULL,"IN"
305,"import","2024-01-19","Toluene",NULL,NULL,NULL,"2024-12-01 18:06:12.994304+00","2024-12-01 18:06:12.994304+00",NULL,1,NULL,NULL,"IN"
306,"import","2024-02-07","Methanol",NULL,NULL,NULL,"2024-12-01 18:06:12.994304+00","2024-12-01 18:06:12.994304+00",NULL,1,NULL,NULL,"IN"
307,"import","2024-02-12","Acetone",NULL,NULL,NULL,"2024-12-01 18:06:12.994304+00","2024-12-01 18:06:12.994304+00",NULL,1,NULL,NULL,"IN"
308,"import","2024-02-19","Ethanol",NULL,NULL,NULL,"2024-12-01 18:06:12.994304+00","2024-12-01 18:06:12.994304+00",NULL,1,NULL,NULL,"IN"
309,"import","2024-02-19","2-Propanol",NULL,NULL,NULL,"2024-12-01 18:06:12.994304+00","2024-12-01 18:06:12.994304+00",NULL,1,NULL,NULL,"IN"
310,"import","2024-02-21","Pentane",NULL,NULL,NULL,"2024-12-01 18:06:12.994304+00","2024-12-01 18:06:12.994304+00",NULL,1,NULL,NULL,"IN"
311,"import","2024-02-21","tert-Butanol",NULL,NULL,NULL,"2024-12-01 18:06:12.994304+00","2024-12-01 18:06:12.994304+00",NULL,1,NULL,NULL,"IN"
312,"import","2024-02-29","Butyl Acetate",NULL,NULL,NULL,"2024-12-01 18:06:12.994304+00","2024-12-01 18:06:12.994304+00",NULL,1,NULL,NULL,"IN"
313,"import","2024-02-29","Pentane",NULL,NULL,NULL,"2024-12-01 18:06:12.994304+00","2024-12-01 18:06:12.994304+00",NULL,1,NULL,NULL,"IN"
314,"import","2024-02-29","Chloroform",NULL,NULL,NULL,"2024-12-01 18:06:12.994304+00","2024-12-01 18:06:12.994304+00",NULL,1,NULL,NULL,"IN"
315,"import","2024-03-05","Methanol",NULL,NULL,NULL,"2024-12-01 18:06:12.994304+00","2024-12-01 18:06:12.994304+00",NULL,1,NULL,NULL,"IN"
316,"import","2024-03-11","Hexane",NULL,NULL,NULL,"2024-12-01 18:06:12.994304+00","2024-12-01 18:06:12.994304+00",NULL,1,NULL,NULL,"IN"
317,"import","2024-03-25","Pentane",NULL,NULL,NULL,"2024-12-01 18:06:12.994304+00","2024-12-01 18:06:12.994304+00",NULL,1,NULL,NULL,"IN"
318,"import","2024-04-04","DCM",NULL,NULL,NULL,"2024-12-01 18:06:12.994304+00","2024-12-01 18:06:12.994304+00",NULL,1,NULL,NULL,"IN"
319,"import","2024-04-06","Sulphuric Acid",NULL,NULL,NULL,"2024-12-01 18:06:12.994304+00","2024-12-01 18:06:12.994304+00",NULL,1,NULL,NULL,"IN"
320,"import","2024-04-09","N-Butanol",NULL,NULL,NULL,"2024-12-01 18:06:12.994304+00","2024-12-01 18:06:12.994304+00",NULL,1,NULL,NULL,"IN"
321,"import","2024-04-18","Methanol",NULL,NULL,NULL,"2024-12-01 18:06:12.994304+00","2024-12-01 18:06:12.994304+00",NULL,1,NULL,NULL,"IN"
322,"import","2024-04-18","Methanol",NULL,NULL,NULL,"2024-12-01 18:06:12.994304+00","2024-12-01 18:06:12.994304+00",NULL,1,NULL,NULL,"IN"
323,"import","2024-05-09","1,2 DME",NULL,NULL,NULL,"2024-12-01 18:06:12.994304+00","2024-12-01 18:06:12.994304+00",NULL,1,NULL,NULL,"IN"
324,"import","2024-05-09","1,2 DME",NULL,NULL,NULL,"2024-12-01 18:06:12.994304+00","2024-12-01 18:06:12.994304+00",NULL,1,NULL,NULL,"IN"
325,"import","2024-05-09","1,2 DME",NULL,NULL,NULL,"2024-12-01 18:06:12.994304+00","2024-12-01 18:06:12.994304+00",NULL,1,NULL,NULL,"IN"
326,"import","2024-05-09","1,2 DME",NULL,NULL,NULL,"2024-12-01 18:06:12.994304+00","2024-12-01 18:06:12.994304+00",NULL,1,NULL,NULL,"IN"
327,"import","2024-05-14","Cs2",NULL,NULL,NULL,"2024-12-01 18:06:12.994304+00","2024-12-01 18:06:12.994304+00",NULL,1,NULL,NULL,"IN"
328,"import","2024-05-14","Cs2",NULL,NULL,NULL,"2024-12-01 18:06:12.994304+00","2024-12-01 18:06:12.994304+00",NULL,1,NULL,NULL,"IN"
329,"import","2024-05-16","Acetonitrile",NULL,NULL,NULL,"2024-12-01 18:06:12.994304+00","2024-12-01 18:06:12.994304+00",NULL,1,NULL,NULL,"IN"
330,"import","2024-06-03","Ethanol",NULL,NULL,NULL,"2024-12-01 18:06:12.994304+00","2024-12-01 18:06:12.994304+00",NULL,1,NULL,NULL,"IN"
331,"import","2024-06-11","Acetonitrile",NULL,NULL,NULL,"2024-12-01 18:06:12.994304+00","2024-12-01 18:06:12.994304+00",NULL,1,NULL,NULL,"IN"
332,"import","2024-06-11","Tetrahydrofuran",NULL,NULL,NULL,"2024-12-01 18:06:12.994304+00","2024-12-01 18:06:12.994304+00",NULL,1,NULL,NULL,"IN"
333,"import","2024-06-18","Methanol",NULL,NULL,NULL,"2024-12-01 18:06:12.994304+00","2024-12-01 18:06:12.994304+00",NULL,1,NULL,NULL,"IN"
334,"import","2024-07-02","Acetonitrile",NULL,NULL,NULL,"2024-12-01 18:06:12.994304+00","2024-12-01 18:06:12.994304+00",NULL,1,NULL,NULL,"IN"
335,"import","2024-07-08","Acetic Acid",NULL,NULL,NULL,"2024-12-01 18:06:12.994304+00","2024-12-01 18:06:12.994304+00",NULL,1,NULL,NULL,"IN"
336,"import","2024-07-09","Methyl CycloHexane",NULL,NULL,NULL,"2024-12-01 18:06:12.994304+00","2024-12-01 18:06:12.994304+00",NULL,1,NULL,NULL,"IN"
337,"import","2024-07-19","Acetone",NULL,NULL,NULL,"2024-12-01 18:06:12.994304+00","2024-12-01 18:06:12.994304+00",NULL,1,NULL,NULL,"IN"
338,"import","2024-07-19","Toluene",NULL,NULL,NULL,"2024-12-01 18:06:12.994304+00","2024-12-01 18:06:12.994304+00",NULL,1,NULL,NULL,"IN"
339,"import","2024-07-19","Ethyl Acetate",NULL,NULL,NULL,"2024-12-01 18:06:12.994304+00","2024-12-01 18:06:12.994304+00",NULL,1,NULL,NULL,"IN"
340,"import","2024-07-26","2,2,4 TMP",NULL,NULL,NULL,"2024-12-01 18:06:12.994304+00","2024-12-01 18:06:12.994304+00",NULL,1,NULL,NULL,"IN"
341,"import","2024-07-29","Pentane",NULL,NULL,NULL,"2024-12-01 18:06:12.994304+00","2024-12-01 18:06:12.994304+00",NULL,1,NULL,NULL,"IN"
342,"import","2024-08-05","Hexane",NULL,NULL,NULL,"2024-12-01 18:06:12.994304+00","2024-12-01 18:06:12.994304+00",NULL,1,NULL,NULL,"IN"
343,"import","2024-08-05","Acetic Acid",NULL,NULL,NULL,"2024-12-01 18:06:12.994304+00","2024-12-01 18:06:12.994304+00",NULL,1,NULL,NULL,"IN"
344,"import","2024-08-14","Diethyl Ether",NULL,NULL,NULL,"2024-12-01 18:06:12.994304+00","2024-12-01 18:06:12.994304+00",NULL,1,NULL,NULL,"IN"
345,"import","2024-08-15","MEK",NULL,NULL,NULL,"2024-12-01 18:06:12.994304+00","2024-12-01 18:06:12.994304+00",NULL,1,NULL,NULL,"IN"
346,"import","2024-08-21","2-Propanol",NULL,NULL,NULL,"2024-12-01 18:06:12.994304+00","2024-12-01 18:06:12.994304+00",NULL,1,NULL,NULL,"IN"
347,"import","2024-08-28","MTBE",NULL,NULL,NULL,"2024-12-01 18:06:12.994304+00","2024-12-01 18:06:12.994304+00",NULL,1,NULL,NULL,"IN"
348,"import","2024-08-28","Acetonitrile",NULL,NULL,NULL,"2024-12-01 18:06:12.994304+00","2024-12-01 18:06:12.994304+00",NULL,1,NULL,NULL,"IN"
349,"import","2024-09-10","Pentane",NULL,NULL,NULL,"2024-12-01 18:06:12.994304+00","2024-12-01 18:06:12.994304+00",NULL,1,NULL,NULL,"IN"
350,"import","2024-09-16","Methanol",NULL,NULL,NULL,"2024-12-01 18:06:12.994304+00","2024-12-01 18:06:12.994304+00",NULL,1,NULL,NULL,"IN"
351,"import","2024-10-02","DMSO",NULL,NULL,NULL,"2024-12-01 18:06:12.994304+00","2024-12-01 18:06:12.994304+00",NULL,1,NULL,NULL,"IN"
352,"import","2024-10-25","DCM",NULL,NULL,NULL,"2024-12-01 18:06:12.994304+00","2024-12-01 18:06:12.994304+00",NULL,1,NULL,NULL,"IN"
353,"import","2024-09-26","1,4 Dioxane",NULL,NULL,NULL,"2024-12-01 18:06:12.994304+00","2024-12-01 18:06:12.994304+00",NULL,1,NULL,NULL,"IN"
354,"import","2024-10-02","Cyclohexane",NULL,NULL,NULL,"2024-12-01 18:06:12.994304+00","2024-12-01 18:06:12.994304+00",NULL,1,NULL,NULL,"IN"
355,"import","2024-10-02","Heptane",NULL,NULL,NULL,"2024-12-01 18:06:12.994304+00","2024-12-01 18:06:12.994304+00",NULL,1,NULL,NULL,"IN"
356,"import","2024-10-15","Methanol",NULL,NULL,NULL,"2024-12-01 18:06:12.994304+00","2024-12-01 18:06:12.994304+00",NULL,1,NULL,NULL,"IN"
357,"import","2024-10-22","Ethanol",NULL,NULL,NULL,"2024-12-01 18:06:12.994304+00","2024-12-01 18:06:12.994304+00",NULL,1,NULL,NULL,"IN"
358,"import","2024-10-23","Methyl Formate",NULL,NULL,NULL,"2024-12-01 18:06:12.994304+00","2024-12-01 18:06:12.994304+00",NULL,1,NULL,NULL,"IN"
359,"import","2024-10-25","Chloroform",NULL,NULL,NULL,"2024-12-01 22:03:00.511038+00","2024-12-01 22:03:00.511038+00",NULL,1,NULL,NULL,"IN"
360,"import","2024-11-14","Ethanol",NULL,NULL,NULL,"2024-12-01 22:03:00.511038+00","2024-12-01 22:03:00.511038+00",NULL,1,NULL,NULL,"IN"
361,"import","2024-11-14","Butyl Acetate",NULL,NULL,NULL,"2024-12-01 22:03:00.511038+00","2024-12-01 22:03:00.511038+00",NULL,1,NULL,NULL,"IN"
362,"import","2024-11-14","Acetic Acid",NULL,NULL,NULL,"2024-12-01 22:03:00.511038+00","2024-12-01 22:03:00.511038+00",NULL,1,NULL,NULL,"IN"
